Window Schedule,,,,,
Assembly Code,Count,Height,Width,Level,Type Mark
,,,,,
B2030230,1,5' - 0",8' - 0",Level 4,36
B2030230,1,5' - 0",8' - 0",Level 4,36
B2030230,1,5' - 0",8' - 0",Level 4,36
B2030230,1,5' - 0",8' - 0",Level 4,36
B2030230,1,5' - 0",8' - 0",Level 4,36
B2030230,1,5' - 0",8' - 0",Level 4,36
B2030230,1,5' - 0",8' - 0",Level 4,36
B2030230,1,5' - 0",8' - 0",Level 4,36
B2030230,1,5' - 0",8' - 0",Level 4,36
B2030230,1,5' - 0",8' - 0",Level 4,36
B2030230,1,5' - 0",8' - 0",Level 4,36
B2030230,1,5' - 0",8' - 0",Level 4,36
B2030230,1,5' - 0",8' - 0",Level 4,36
B2030230,1,5' - 0",8' - 0",Level 4,36
B2030230,1,5' - 0",8' - 0",Level 4,36
B2030230,1,5' - 0",8' - 0",Level 4,36
B2030230,1,5' - 0",8' - 0",Level 4,36
B2030230,1,5' - 0",8' - 0",Level 4,36
B2030230,1,5' - 0",8' - 0",Level 4,36
B2030230,1,5' - 0",8' - 0",Level 4,36
B2030230,1,5' - 0",8' - 0",Level 4,36
B2030230,1,5' - 0",8' - 0",Level 4,36
B2030230,1,5' - 0",8' - 0",Level 4,36
B2030230,1,5' - 0",8' - 0",Level 4,36
B2030230,1,5' - 0",8' - 0",Level 4,36
B2020110,1,5' - 0",7' - 0",Level 4,35
B2030230,1,5' - 0",8' - 0",Level 3,36
B2030230,1,5' - 0",8' - 0",Level 3,36
B2030230,1,5' - 0",8' - 0",Level 3,36
B2030230,1,5' - 0",8' - 0",Level 3,36
B2030230,1,5' - 0",8' - 0",Level 3,36
B2030230,1,5' - 0",8' - 0",Level 3,36
B2030230,1,5' - 0",8' - 0",Level 3,36
B2030230,1,5' - 0",8' - 0",Level 3,36
B2030230,1,5' - 0",8' - 0",Level 3,36
B2030230,1,5' - 0",8' - 0",Level 3,36
B2030230,1,5' - 0",8' - 0",Level 3,36
B2030230,1,5' - 0",8' - 0",Level 3,36
B2030230,1,5' - 0",8' - 0",Level 3,36
B2030230,1,5' - 0",8' - 0",Level 3,36
B2030230,1,5' - 0",8' - 0",Level 3,36
B2030230,1,5' - 0",8' - 0",Level 3,36
B2030230,1,5' - 0",8' - 0",Level 3,36
B2030230,1,5' - 0",8' - 0",Level 3,36
B2030230,1,5' - 0",8' - 0",Level 3,36
B2030230,1,5' - 0",8' - 0",Level 3,36
B2030230,1,5' - 0",8' - 0",Level 3,36
B2030230,1,5' - 0",8' - 0",Level 3,36
B2030230,1,5' - 0",8' - 0",Level 3,36
B2030230,1,5' - 0",8' - 0",Level 3,36
B2030230,1,5' - 0",8' - 0",Level 3,36
B2020110,1,5' - 0",7' - 0",Level 3,35
